{
  "num_recipes": 281,
  "num_ratings": 28491,
  "num_users": 17208,
  "health_score_stats": {
    "mean": 0.5962927196814768,
    "std": 0.16722502964444488,
    "min": 0.0303776696969696,
    "max": 0.9701945564014532
  },
  "rating_stats": {
    "mean": 4.568056579270647,
    "std": 0.8681210731869574,
    "min": 1.0,
    "max": 5.0
  },
  "data_split": {
    "train": 22792,
    "val": 2849,
    "test": 2850
  }
}