{
  "alpha_values": [
    0.0,
    0.25,
    0.5,
    0.75,
    1.0
  ],
  "rmse_values": [
    0.39202792487284416,
    0.493706644055835,
    0.6137580931472227,
    0.7433331241352215,
    0.8782264286524379
  ],
  "health_values": [
    0.5989946905983895,
    0.5989946905983895,
    0.5989946905983895,
    0.5989946905983895,
    0.5989946905983895
  ]
}