{
  "alpha_values": [
    0.0,
    0.25,
    0.5,
    0.75,
    1.0
  ],
  "rmse_values": [
    1.5681116994913766,
    1.3115450918971951,
    1.0957743155419368,
    0.9490451884115257,
    0.9055643462596271
  ],
  "health_values": [
    0.913731831708594,
    0.9137284113742702,
    0.9136329455074556,
    0.908914357329261,
    0.5868481037066664
  ]
}