{
  "alpha_values": [
    0.0,
    0.25,
    0.5,
    0.75,
    1.0
  ],
  "rmse_values": [
    0.39202792487284416,
    0.493706644055835,
    0.6137580931472227,
    0.7433331241352215,
    0.8782264286524379
  ],
  "health_values": [
    0.913731831708594,
    0.9064074182154161,
    0.8835759757840734,
    0.8575542017998985,
    0.598345678373862
  ]
}